{
  "version": 1,
  "author": "Gavriel Arthur T",
  "editor": "wokwi",
  "parts": [
    { "type": "board-esp32-devkit-c-v4", "id": "esp", "top": -28.8, "left": -62.36, "attrs": {} },
    {
      "type": "wokwi-lcd1602",
      "id": "lcd1",
      "top": -99.2,
      "left": 178.4,
      "attrs": { "pins": "i2c" }
    },
    {
      "type": "wokwi-resistor",
      "id": "r1",
      "top": 62.4,
      "left": 66.65,
      "rotate": 90,
      "attrs": { "value": "1000" }
    },
    {
      "type": "wokwi-resistor",
      "id": "r2",
      "top": 62.4,
      "left": 76.25,
      "rotate": 90,
      "attrs": { "value": "1000" }
    },
    {
      "type": "wokwi-pushbutton",
      "id": "btn1",
      "top": 92.6,
      "left": 124.8,
      "attrs": { "color": "green", "xray": "1" }
    },
    {
      "type": "wokwi-pushbutton",
      "id": "btn2",
      "top": 188.6,
      "left": 124.8,
      "attrs": { "color": "red", "xray": "1" }
    }
  ],
  "connections": [
    [ "esp:TX", "$serialMonitor:RX", "", [] ],
    [ "esp:RX", "$serialMonitor:TX", "", [] ],
    [ "esp:GND.2", "lcd1:GND", "black", [ "v0", "h48", "v-57.6" ] ],
    [ "esp:22", "lcd1:SCL", "red", [ "h76.8", "v-48" ] ],
    [ "esp:21", "lcd1:SDA", "red", [ "h57.6", "v0", "h38.4", "v-86.4" ] ],
    [ "esp:3V3", "lcd1:VCC", "green", [ "h0.15", "v-48" ] ],
    [ "r1:1", "lcd1:VCC", "magenta", [ "h0", "v-115.2" ] ],
    [ "r2:1", "lcd1:VCC", "magenta", [ "h0", "v-115.2" ] ],
    [ "r2:2", "btn1:1.l", "green", [ "h0" ] ],
    [ "esp:GND.3", "btn1:2.r", "black", [ "h182.4", "v86.4" ] ],
    [ "esp:GND.3", "btn2:2.r", "black", [ "h182.4", "v172.8" ] ],
    [ "r1:2", "btn2:1.l", "green", [ "h0", "v94.8", "h28.8" ] ],
    [ "esp:4", "btn1:1.l", "green", [ "h19.2", "v-9.6" ] ],
    [ "esp:2", "btn2:1.l", "green", [ "h38.4", "v67.2", "h0", "v9.6" ] ]
  ],
  "dependencies": {}
}